model_name,optimizer,train_loss,val_loss,test_loss,test_accuracy,perplexity,training_time_minutes,best_epoch,total_epochs,total_params
RNN,Adam,6.933389187,6.808434963,6.774851322,0.045155779,875.5491786,1.122977122,1,6,5458448
RNN,RMSprop,6.940991402,6.821157932,6.796768665,0.045155779,894.950729,2.370733992,7,12,5458448
RNN,SGD,5.917443275,6.282634258,6.255615711,0.087616667,520.9300185,2.912507327,16,21,5458448
LSTM,Adam,6.211442471,6.623903275,6.579621792,0.068160906,720.2668669,2.564783057,4,9,6246416
LSTM,RMSprop,6.469604969,6.406048298,6.374810696,0.085776262,586.8743226,3.680090717,10,15,6246416
LSTM,SGD,6.58839941,6.625184059,6.595124245,0.045418695,731.5197685,5.494185241,25,25,6246416
Transformer,Adam,6.892673969,6.810785294,6.773355484,0.045155779,874.2404778,2.004626226,1,6,8875792
Transformer,RMSprop,6.734585762,6.685692787,6.656245232,0.062968321,777.6256445,4.651355616,7,12,8875792
Transformer,SGD,6.190193653,6.59845829,6.580910683,0.068160906,721.1958108,4.836769664,13,18,8875792
